SALE TYPE,SOLD DATE,PROPERTY TYPE,ADDRESS,CITY,STATE OR PROVINCE,ZIP OR POSTAL CODE,PRICE,BEDS,BATHS,LOCATION,SQUARE FEET,LOT SIZE,YEAR BUILT,DAYS ON MARKET,$/SQUARE FEET,HOA/MONTH,STATUS,NEXT OPEN HOUSE START TIME,NEXT OPEN HOUSE END TIME,URL (SEE https://www.redfin.com/buy-a-home/comparative-market-analysis FOR INFO ON PRICING),SOURCE,MLS#,FAVORITE,INTERESTED,LATITUDE,LONGITUDE
"In accordance with local MLS rules, some MLS listings are not included in the download"
PAST SALE,,Vacant Land,326 NE 15th Ter,Cape Coral,FL,33909,43000,,,,,10019,,,,,,,,https://www.redfin.com/FL/Cape-Coral/326-NE-15th-Ter-33909/home/67707323,,,N,Y,26.68098,-81.966348
PAST SALE,July-17-2023,Vacant Land,517 NW 25th Ter,Cape Coral,FL,33993,43000,,,CAPE CORAL,,11848,,,,,Sold,,,https://www.redfin.com/FL/Cape-Coral/517-NW-25th-Ter-33993/home/67876907,Stellar MLS as Distributed by MLS Grid,C7476620,N,Y,26.700488,-81.985961
PAST SALE,September-8-2023,Vacant Land,2716 NW 4th Pl,Cape Coral,FL,33993,58000,,,"CC41 - Cape Coral Unit 37-43,48,49",,15158,,,,,Sold,,,https://www.redfin.com/FL/Cape-Coral/2716-NW-4th-Pl-33993/home/62076175,NAPLESMLS,223060724,N,Y,26.703599,-81.983025
PAST SALE,,Vacant Land,2609 NW 5th Pl,Cape Coral,FL,33993,60000,,,,,10324,,,,,,,,https://www.redfin.com/FL/Cape-Coral/2609-NW-5th-Pl-33993/home/61996561,,,N,Y,26.701977,-81.9844449
PAST SALE,July-14-2023,Single Family Residential,1507 NW 10th Pl,Cape Coral,FL,33993,354990,4,2.0,CAPE CORAL,1650,14984,2023,,215,,Sold,,,https://www.redfin.com/FL/Cape-Coral/1507-NW-10th-Pl-33993/home/67723763,FORTMLS,223033401,N,Y,26.6807328,-81.9953076
PAST SALE,,Vacant Land,3010 Nelson Rd N,Cape Coral,FL,33993,20000,,,,,10019,,,,,,,,https://www.redfin.com/FL/Cape-Coral/3010-Nelson-Rd-N-33993/home/61982395,,,N,Y,26.708436,-81.990336
PAST SALE,,Other,724 NW 20th St,Cape Coral,FL,33993,380000,,,,,10629,,,,,,,,https://www.redfin.com/FL/Cape-Coral/724-NW-20th-St-33993/home/62067081,,,N,Y,26.689732,-81.989682
PAST SALE,November-2-2023,Vacant Land,2029 Nelson Rd,Cape Coral,FL,33993,50000,,,CAPE CORAL,,14984,,,,,Sold,,,https://www.redfin.com/FL/Cape-Coral/2029-Nelson-Rd-N-33993/home/67931198,FORTMLS,223064081,N,Y,26.691664,-81.989879
PAST SALE,,Vacant Land,2833 NE 2nd Ave,Cape Coral,FL,33909,38000,,,,,11108,,,,,,,,https://www.redfin.com/FL/Cape-Coral/2833-NE-2nd-Ave-33909/home/67868828,,,N,Y,26.706058,-81.969374
PAST SALE,September-12-2023,Vacant Land,1329 Nelson Rd N,Cape Coral,FL,33993,47500,,,"CC41 - Cape Coral Unit 37-43,48,49",,10018,,,,,Sold,,,https://www.redfin.com/FL/Cape-Coral/1329-Nelson-Rd-N-33993/home/67714802,NAPLESMLS,222018132,N,Y,26.678058,-81.990065
PAST SALE,October-13-2023,Vacant Land,1518 Nelson Rd N,Cape Coral,FL,33993,55000,,,"CC41 - Cape Coral Unit 37-43,48,49",,10001,,,,,Sold,,,https://www.redfin.com/FL/Cape-Coral/1518-Nelson-Rd-N-33993/home/67724289,NAPLESMLS,223045344,N,Y,26.6814958,-81.9906765
PAST SALE,,Vacant Land,1414 NW 7th Pl,Cape Coral,FL,33993,42000,,,,,14985,,,,,,,,https://www.redfin.com/FL/Cape-Coral/1414-NW-7th-Pl-33993/home/67714789,,,N,Y,26.679104,-81.989596
PAST SALE,,Vacant Land,1523 Nelson Rd N,Cape Coral,FL,33993,329000,,,,,10542,,,,,,,,https://www.redfin.com/FL/Cape-Coral/1523-Nelson-Rd-N-33993/home/67714795,,,N,Y,26.681034,-81.989992
PAST SALE,,Vacant Land,336 Ne 27th Ter,Cape Coral,FL,33909,45000,,,,,14985,,,,,,,,https://www.redfin.com/FL/Cape-Coral/336-Ne-27th-Ter-33909/home/67870279,,,N,Y,26.7022939,-81.965855
PAST SALE,,Vacant Land,2616 NE 7th Ave,Cape Coral,FL,33909,40000,,,,,10019,,,,,,,,https://www.redfin.com/FL/Cape-Coral/2616-NE-7th-Ave-33909/home/67869851,,,N,Y,26.701051,-81.959138
PAST SALE,October-31-2023,Vacant Land,24 Kismet E,Cape Coral,FL,33909,45000,,,CAPE CORAL,,10018,,,,,Sold,,,https://www.redfin.com/FL/Cape-Coral/24-Kismet-Pkwy-E-33909/home/67938971,FORTMLS,222070089,N,Y,26.696033,-81.972517
PAST SALE,,Vacant Land,109 NE 25th St,Cape Coral,FL,33909,36000,,,,,10629,,,,,,,,https://www.redfin.com/FL/Cape-Coral/109-NE-25th-St-33909/home/67870188,,,N,Y,26.698311,-81.9713
PAST SALE,,Vacant Land,51 NE 31st Ter,Cape Coral,FL,33909,36618,,,,,10019,,,,,,,,https://www.redfin.com/FL/Cape-Coral/51-NE-31st-Ter-33909/home/67869228,,,N,Y,26.710936,-81.97241
PAST SALE,November-15-2023,Vacant Land,2815 NW 6th Ave,Cape Coral,FL,33993,50000,,,CAPE CORAL,,15507,,,,,Sold,,,https://www.redfin.com/FL/Cape-Coral/2815-NW-6th-Ave-33993/home/62034358,FORTMLS,223039034,N,Y,26.704871,-81.985347
PAST SALE,,Vacant Land,2902 NW 6th Ave,Cape Coral,FL,33993,44500,,,,,10062,,,,,,,,https://www.redfin.com/FL/Cape-Coral/2902-NW-6th-Ave-33993/home/67876085,,,N,Y,26.7061509,-81.985373
PAST SALE,,Vacant Land,2846 NW 5th Ave,Cape Coral,FL,33993,40000,,,,,10062,,,,,,,,https://www.redfin.com/FL/Cape-Coral/2846-NW-5th-Ave-33993/home/67876016,,,N,Y,26.70609,-81.983278
PAST SALE,November-9-2023,Vacant Land,2616 NW 3rd Pl,Cape Coral,FL,33993,41250,,,CAPE CORAL,,10105,,,,,Sold,,,https://www.redfin.com/FL/Cape-Coral/2616-NW-3rd-Pl-33993/home/67876900,FORTMLS,223073837,N,Y,26.702113,-81.981465
PAST SALE,August-31-2023,Single Family Residential,3050 NW 6th Ave,Cape Coral,FL,33993,355000,4,2.0,"CC41 - Cape Coral Unit 37-43,48,49",1941,10018,2023,,183,,Sold,,,https://www.redfin.com/FL/Cape-Coral/3050-NW-6th-Ave-33993/home/67632742,NAPLESMLS,222072254,N,Y,26.7103295,-81.984191
PAST SALE,November-3-2023,Vacant Land,510 Wilmington Pkwy,Cape Coral,FL,33993,41900,,,CAPE CORAL,,14984,,,,,Sold,,,https://www.redfin.com/FL/Cape-Coral/510-Wilmington-Pkwy-33993/home/62041814,FORTMLS,222075531,N,Y,26.712218,-81.983484
PAST SALE,October-26-2023,Vacant Land,1900 Nelson Rd N,Cape Coral,FL,33993,52000,,,CAPE CORAL,,14374,,,,,Sold,,,https://www.redfin.com/FL/Cape-Coral/1900-Nelson-Rd-N-33993/home/187662645,FORTMLS,223070043,N,Y,26.6892815,-81.990324
PAST SALE,July-24-2023,Vacant Land,1122 NW 15th St,Cape Coral,FL,33993,40000,,,CAPE CORAL,,10019,,,,,Sold,,,https://www.redfin.com/FL/Cape-Coral/1122-Nw-15th-St-33993/home/67723813,Stellar MLS as Distributed by MLS Grid,C7476201,N,Y,26.680145,-81.997918
PAST SALE,August-7-2023,Vacant Land,1701 NW 11th Ave,Cape Coral,FL,33993,42000,,,CAPE CORAL,,11107,,,,,Sold,,,https://www.redfin.com/FL/Cape-Coral/1701-NW-11th-Ave-33993/home/67925681,FORTMLS,223036134,N,Y,26.684235,-81.996193
PAST SALE,August-21-2023,Vacant Land,1321 NW 10th Pl,Cape Coral,FL,33993,34900,,,CAPE CORAL,,11107,,,,,Sold,,,https://www.redfin.com/FL/Cape-Coral/1321-NW-10th-Ave-33993/home/67723770,FORTMLS,223002359,N,Y,26.6780412,-81.9944165
PAST SALE,August-28-2023,Vacant Land,1119 NW 16th Ter,Cape Coral,FL,33993,48500,,,CAPE CORAL,,14984,,,,,Sold,,,https://www.redfin.com/FL/Cape-Coral/1119-NW-16th-Ter-33993/home/61983844,FORTMLS,223033937,N,Y,26.683432,-81.997527
PAST SALE,September-18-2023,Vacant Land,1001 Diplomat Pkwy W,Cape Coral,FL,33993,59000,,,CAPE CORAL,,15028,,,,,Sold,,,https://www.redfin.com/FL/Cape-Coral/1001-Diplomat-Pkwy-W-33993/home/67925483,FORTMLS,223055404,N,Y,26.682518,-81.994666
PAST SALE,September-25-2023,Vacant Land,1109 NW 14th Ter,Cape Coral,FL,33993,42000,,,"CC41 - Cape Coral Unit 37-43,48,49",,10018,,,,,Sold,,,https://www.redfin.com/FL/Cape-Coral/1109-NW-14th-Ter-33993/home/67723801,BEARMLS,223055131,N,Y,26.6798,-81.997069
PAST SALE,November-7-2023,Vacant Land,1226 NW 19th Ter,Cape Coral,FL,33993,44000,,,CAPE CORAL,,15681,,,,,Sold,,,https://www.redfin.com/FL/Cape-Coral/1226-NW-19th-Ter-33993/home/62047951,FORTMLS,223056791,N,Y,26.688908,-82.00041
PAST SALE,October-30-2023,Vacant Land,1323 NW 13th Ave,Cape Coral,FL,33993,42000,,,CAPE CORAL,,10018,,,,,Sold,,,https://www.redfin.com/FL/Cape-Coral/1323-NW-13th-Ave-33993/home/67723976,FORTMLS,223050183,N,Y,26.678507,-82.000373
PAST SALE,,Vacant Land,2013 NW 17th Ave,Cape Coral,FL,33993,45000,,,,,14985,,,,,,,,https://www.redfin.com/FL/Cape-Coral/2013-NW-17th-Ave-33993/home/67920314,,,N,Y,26.6902625,-82.0082961
PAST SALE,August-31-2023,Vacant Land,2024 Nelson Rd N,Cape Coral,FL,33993,41000,,,"CC41 - Cape Coral Unit 37-43,48,49",,14984,,,,,Sold,,,https://www.redfin.com/FL/Cape-Coral/2024-Nelson-Rd-33993/home/67925339,NAPLESMLS,223054622,N,Y,26.691335,-81.990571
PAST SALE,August-1-2023,Vacant Land,2315 NW 8th Pl,Cape Coral,FL,33993,43500,,,CAPE CORAL,,10018,,,,,Sold,,,https://www.redfin.com/FL/Cape-Coral/2315-NW-8th-Pl-33993/home/67925395,FORTMLS,222047092,N,Y,26.6957929,-81.990973
PAST SALE,December-29-2023,Vacant Land,1403 NW 9th Ave,Cape Coral,FL,33993,44000,,,CAPE CORAL,,10018,,,,,Sold,,,https://www.redfin.com/FL/Cape-Coral/1403-Nw-9th-Ave-33993/home/67724043,FORTMLS,223031680,N,Y,26.6789549,-81.992126
PAST SALE,July-28-2023,Vacant Land,1728 NW 9th Ave,Cape Coral,FL,33993,37500,,,CAPE CORAL,,10018,,,,,Sold,,,https://www.redfin.com/FL/Cape-Coral/1728-NW-9th-Ave-33993/home/67925510,FORTMLS,223022921,N,Y,26.685587,-81.9925839
PAST SALE,October-26-2023,Vacant Land,1826 Nelson Rd,Cape Coral,FL,33993,45000,,,CAPE CORAL,,10018,,,,,Sold,,,https://www.redfin.com/FL/Cape-Coral/1826-Nelson-Rd-N-33993/home/187662690,FORTMLS,223070046,N,Y,26.6879928,-81.9905814
PAST SALE,October-26-2023,Vacant Land,1822 Nelson Rd,Cape Coral,FL,33993,45000,,,CAPE CORAL,,10018,,,,,Sold,,,https://www.redfin.com/FL/Cape-Coral/1822-Nelson-Rd-N-33993/home/187662684,FORTMLS,223070045,N,Y,26.6877728,-81.9905835
PAST SALE,August-9-2023,Vacant Land,1101 NW 20th Ter,Cape Coral,FL,33993,40000,,,CAPE CORAL,,10628,,,,,Sold,,,https://www.redfin.com/FL/Cape-Coral/1101-NW-20th-Ter-33993/home/62029154,FORTMLS,223039977,N,Y,26.691112,-81.996492
PAST SALE,December-6-2023,Vacant Land,1106 NW 20th Ter,Cape Coral,FL,33993,50000,,,CAPE CORAL,,16247,,,,,Sold,,,https://www.redfin.com/FL/Cape-Coral/1106-NW-20th-St-33993/home/61954051,FORTMLS,223076763,N,Y,26.6897477,-81.9968765
PAST SALE,,Vacant Land,1106 NW 20th St,Cape Coral,FL,33993,50000,,,,,16248,,,,,,,,https://www.redfin.com/FL/Cape-Coral/1106-NW-20th-St-33993/home/62058751,,,N,Y,26.6906034,-81.9968303
PAST SALE,December-22-2023,Vacant Land,1115 NW 20th St,Cape Coral,FL,33993,44000,,,CAPE CORAL,,10628,,,,,Sold,,,https://www.redfin.com/FL/Cape-Coral/1115-Nw-20th-St-33993/home/62035193,FORTMLS,223090940,N,Y,26.690261,-81.9974189
PAST SALE,October-3-2023,Vacant Land,1810 NW 20 St,Cape Coral,FL,33993,45000,,,CAPE CORAL,,11282,,,,,Sold,,,https://www.redfin.com/FL/Cape-Coral/1810-NW-20th-St-33993/home/62001790,MARMLS,A11413518,N,Y,26.6892977,-82.0126468
PAST SALE,September-6-2023,Vacant Land,2209 NW 16th Pl,Cape Coral,FL,33993,37500,,,"CC42 - Cape Coral Unit 50,54,51,52,53,",,14984,,,,,Sold,,,https://www.redfin.com/FL/Cape-Coral/2209-NW-16th-Pl-33993/home/67920214,NAPLESMLS,223054626,N,Y,26.694765,-82.007302
PAST SALE,September-5-2023,Vacant Land,1620 NW 23rd Ter,Cape Coral,FL,33993,41667,,,"CC42 - Cape Coral Unit 50,54,51,52,53,",,10018,,,,,Sold,,,https://www.redfin.com/FL/Cape-Coral/1620-NW-23rd-Ter-33993/home/67920224,NAPLESMLS,223051052,N,Y,26.695837,-82.00802
PAST SALE,,Vacant Land,2213 NW 16th Pl,Cape Coral,FL,33993,45000,,,,,10106,,,,,,,,https://www.redfin.com/FL/Cape-Coral/2213-NW-16th-Pl-33993/home/67920213,,,N,Y,26.695042,-82.007297
PAST SALE,,Vacant Land,2510 NW 15th Pl #2512,Cape Coral,FL,33993,625000,,,,,10019,,,,,,,,https://www.redfin.com/FL/Cape-Coral/2510-NW-15th-Pl-33993/unit-2512/home/67884954,,,N,Y,26.699608,-82.005742
PAST SALE,July-7-2023,Vacant Land,1423 NW 20th Ter,Cape Coral,FL,33993,39000,,,CAPE CORAL,,10628,,,,,Sold,,,https://www.redfin.com/FL/Cape-Coral/1423-NW-20th-Ter-33993/home/62049936,FORTMLS,223033700,N,Y,26.691132,-82.003935
PAST SALE,November-13-2023,Vacant Land,1710 NW 14th St,Cape Coral,FL,33993,38000,,,CAPE CORAL,,10018,,,,,Sold,,,https://www.redfin.com/FL/Cape-Coral/1710-NW-14th-Ave-33993/home/67925756,FORTMLS,223072264,N,Y,26.6856593,-82.0030524
PAST SALE,December-5-2023,Vacant Land,1427 NW 20th Ter,Cape Coral,FL,33993,43000,,,CAPE CORAL,,10628,,,,,Sold,,,https://www.redfin.com/FL/Cape-Coral/1427-NW-20th-Ter-33993/home/67924955,FORTMLS,222019215,N,Y,26.691133,-82.004195
PAST SALE,July-14-2023,Vacant Land,2117 NW 9th Ave,Cape Coral,FL,33993,40000,,,CAPE CORAL,,11107,,,,,Sold,,,https://www.redfin.com/FL/Cape-Coral/2117-NW-9th-Ave-33993/home/67925354,FORTMLS,222090041,N,Y,26.6925098,-81.9919553
PAST SALE,August-17-2023,Vacant Land,2202 NW 18th Pl,Cape Coral,FL,33993,37500,,,CAPE CORAL,,10018,,,,,Sold,,,https://www.redfin.com/FL/Cape-Coral/2202-NW-18th-Pl-33993/home/67920709,FORTMLS,223044083,N,Y,26.694558,-82.011944
PAST SALE,August-17-2023,Vacant Land,2152 NW 18th Pl,Cape Coral,FL,33993,37500,,,CAPE CORAL,,10018,,,,,Sold,,,https://www.redfin.com/FL/Cape-Coral/2152-NW-18th-Pl-33993/home/61940160,FORTMLS,223044087,N,Y,26.6943379,-82.011946
PAST SALE,December-22-2023,Vacant Land,1623 NW 27th St,Cape Coral,FL,33993,38583,,,CAPE CORAL,,10019,,,,,Sold,,,https://www.redfin.com/FL/Cape-Coral/1623-Nw-27th-St-33993/home/67892803,Stellar MLS as Distributed by MLS Grid,C7484559,N,Y,26.703485,-82.007987
PAST SALE,July-28-2023,Vacant Land,1739 NW 19th St,Cape Coral,FL,33993,42000,,,CAPE CORAL,,10018,,,,,Sold,,,https://www.redfin.com/FL/Cape-Coral/1739-Nw-19th-St-33993/home/62063445,FORTMLS,222049827,N,Y,26.6880952,-82.0110795
PAST SALE,October-26-2023,Vacant Land,1726 NW 19th St,Cape Coral,FL,33993,40000,,,CAPE CORAL,,10019,,,,,Sold,,,https://www.redfin.com/FL/Cape-Coral/1726-NW-19th-St-33993/home/67920979,Stellar MLS as Distributed by MLS Grid,J968144,N,Y,26.6875829,-82.010349
PAST SALE,,Vacant Land,1714 NW 10th Ave,Cape Coral,FL,33993,325000,,,,,10019,,,,,,,,https://www.redfin.com/FL/Cape-Coral/1714-NW-10th-Ave-33993/home/61996663,,,N,Y,26.6849187,-81.9948608
PAST SALE,July-31-2023,Vacant Land,1709 NW 11th Ave,Cape Coral,FL,33993,41000,,,CAPE CORAL,,10018,,,,,Sold,,,https://www.redfin.com/FL/Cape-Coral/1709-NW-11th-Ave-33993/home/67925685,FORTMLS,222008881,N,Y,26.684702,-81.996191
PAST SALE,September-6-2023,Vacant Land,1412 NW 17th Ter,Cape Coral,FL,33993,48000,,,CAPE CORAL,,10018,,,,,Sold,,,https://www.redfin.com/FL/Cape-Coral/1412-NW-17th-Ter-33993/home/67925600,FORTMLS,223024733,N,Y,26.6849719,-82.003583
PAST SALE,November-20-2023,Vacant Land,1705 NW 11th Pl,Cape Coral,FL,33993,42000,,,CAPE CORAL,,10628,,,,,Sold,,,https://www.redfin.com/FL/Cape-Coral/1705-NW-11th-Pl-33993/home/67925696,FORTMLS,223070072,N,Y,26.684477,-81.997143
PAST SALE,July-11-2023,Vacant Land,1323 NW 16th Pl,Cape Coral,FL,33993,42000,,,"CC42 - Cape Coral Unit 50,54,51,52,53,",,10018,,,,,Sold,,,https://www.redfin.com/FL/Cape-Coral/1323-Nw-16th-Pl-33993/home/62071220,BEARMLS,223043040,N,Y,26.6782077,-82.0075223
PAST SALE,September-26-2023,Vacant Land,1619 NW 15th Ter,Cape Coral,FL,33993,35000,,,CAPE CORAL,,14984,,,,,Sold,,,https://www.redfin.com/FL/Cape-Coral/1619-NW-15th-Ter-33993/home/62032961,FORTMLS,223047069,N,Y,26.681532,-82.00796
PAST SALE,November-14-2023,Vacant Land,1407 Chiquita Blvd N,Cape Coral,FL,33993,25000,,,CAPE CORAL,,10018,,,,,Sold,,,https://www.redfin.com/FL/Cape-Coral/1407-Chiquita-Blvd-33993/home/67723553,FORTMLS,223065992,N,Y,26.68061,-82.006322
PAST SALE,July-18-2023,Vacant Land,1714 NE 1st Pl,Cape Coral,FL,33909,35000,,,"CC31 - Cape Coral Unit 17,31-36,",,10628,,,,,Sold,,,https://www.redfin.com/FL/Cape-Coral/1714-Ne-1st-Pl-33909/home/67939828,NAPLESMLS,223006896,N,Y,26.684822,-81.971122
PAST SALE,August-24-2023,Vacant Land,207 Diplomat Pkwy E,Cape Coral,FL,33909,42000,,,Cape Coral,,10019,,,,,Sold,,,https://www.redfin.com/FL/Cape-Coral/207-Diplomat-Pkwy-E-33909/home/67677329,MARMLS,A11174782,N,Y,26.68251,-81.969393
PAST SALE,August-24-2023,Vacant Land,203 Diplomat Pkwy E,Cape Coral,FL,33909,42000,,,Cape Coral,,10019,,,,,Sold,,,https://www.redfin.com/FL/Cape-Coral/203-Diplomat-Pkwy-E-33909/home/67677320,MARMLS,A11174774,N,Y,26.68251,-81.969638
PAST SALE,,Vacant Land,211 Diplomat Pkwy E,Cape Coral,FL,33909,35000,,,,,10019,,,,,,,,https://www.redfin.com/FL/Cape-Coral/211-Diplomat-Pkwy-E-33909/home/67677332,,,N,Y,26.68251,-81.969148
PAST SALE,July-20-2023,Vacant Land,313 Diplomat Pkwy E,Cape Coral,FL,33909,27500,,,CAPE CORAL,,10018,,,,,Sold,,,https://www.redfin.com/FL/Cape-Coral/313-Diplomat-Pkwy-E-33909/home/67939412,FORTMLS,222070074,N,Y,26.682508,-81.9671879
PAST SALE,September-29-2023,Vacant Land,321 NE 17th St,Cape Coral,FL,33909,90000,,,CAPE CORAL,,10018,,,,,Sold,,,https://www.redfin.com/FL/Cape-Coral/321-NE-17th-St-33909/home/62083499,FORTMLS,223067557,N,Y,26.684268,-81.9666869
PAST SALE,July-7-2023,Vacant Land,219 NW 23rd Ter,Cape Coral,FL,33993,49000,,,CAPE CORAL,,10193,,,,,Sold,,,https://www.redfin.com/FL/Cape-Coral/219-NW-23rd-Ter-33993/home/62065627,FORTMLS,223043155,N,Y,26.696215,-81.979209
PAST SALE,December-19-2023,Vacant Land,232 NW 28th Ter,Cape Coral,FL,33993,34000,,,CAPE CORAL,,10628,,,,,Sold,,,https://www.redfin.com/FL/Cape-Coral/232-Nw-28th-Ter-33993/home/67876379,FORTMLS,223080404,N,Y,26.704778,-81.978405
PAST SALE,November-14-2023,Vacant Land,2911 NE 5th Pl,Cape Coral,FL,33909,40000,,,"CC31 - Cape Coral Unit 17,31-36,",,10018,,,,,Sold,,,https://www.redfin.com/FL/Cape-Coral/2911-NE-5th-Pl-33909/home/61981613,NAPLESMLS,223078600,N,Y,26.7070599,-81.961687
PAST SALE,,Vacant Land,2705 NE 4th Ave,Cape Coral,FL,33909,32000,,,,,14985,,,,,,,,https://www.redfin.com/FL/Cape-Coral/2705-NE-4th-Ave-33909/home/67869530,,,N,Y,26.7019517,-81.9645382
PAST SALE,August-31-2023,Vacant Land,315 NW 23rd St,Cape Coral,FL,33993,40000,,,CAPE CORAL,,19998,,,,,Sold,,,https://www.redfin.com/FL/Cape-Coral/315-NW-23rd-Ter-33993/home/186512245,FORTMLS,223052157,N,Y,26.6962322,-81.9813228
PAST SALE,September-11-2023,Vacant Land,1920 NE 1st Pl,Cape Coral,FL,33909,45000,,,CAPE CORAL,,11935,,,,,Sold,,,https://www.redfin.com/FL/Cape-Coral/1920-NE-1st-Ave-33909/home/67939862,FORTMLS,223039297,N,Y,26.688845,-81.971108
PAST SALE,December-1-2023,Vacant Land,1628 NW 17th St,Cape Coral,FL,33993,33000,,,CAPE CORAL,,10018,,,,,Sold,,,https://www.redfin.com/FL/Cape-Coral/1628-NW-17th-St-33993/home/62056860,FORTMLS,223068134,N,Y,26.683805,-82.008617
PAST SALE,,Vacant Land,329 NE 30th Ter,Cape Coral,FL,33909,35000,,,,,10019,,,,,,,,https://www.redfin.com/FL/Cape-Coral/329-NE-30th-Ter-33909/home/67868840,,,N,Y,26.709011,-81.965982
PAST SALE,September-1-2023,Vacant Land,328 NE 30th Ter,Cape Coral,FL,33909,32000,,,CAPE CORAL,,10018,,,,,Sold,,,https://www.redfin.com/FL/Cape-Coral/328-NE-30th-Ter-33909/home/67868853,FORTMLS,223016512,N,Y,26.70853,-81.965964
PAST SALE,,Vacant Land,1510 NW 10th Ave,Cape Coral,FL,33993,36700,,,,,11151,,,,,,,,https://www.redfin.com/FL/Cape-Coral/1510-NW-10th-Ave-33993/home/67724131,,,N,Y,26.681038,-81.994913
PAST SALE,July-28-2023,Vacant Land,636 NW 28th St,Cape Coral,FL,33993,40000,,,CAPE CORAL,,10541,,,,,Sold,,,https://www.redfin.com/FL/Cape-Coral/636-Nw-28th-St-33993/home/62030865,FORTMLS,223011390,N,Y,26.7039438,-81.9885772
PAST SALE,,Vacant Land,634 NW 28th Ter,Cape Coral,FL,33993,45000,,,,,10411,,,,,,,,https://www.redfin.com/FL/Cape-Coral/634-NW-28th-Ter-33993/home/67876006,,,N,Y,26.704794,-81.988302
PAST SALE,July-14-2023,Vacant Land,2710 NW 6th Ave,Cape Coral,FL,33993,40000,,,CAPE CORAL,,11631,,,,,Sold,,,https://www.redfin.com/FL/Cape-Coral/2710-NW-6th-Ave-33993/home/67877318,Stellar MLS as Distributed by MLS Grid,T3445898,N,Y,26.703415,-81.98639
PAST SALE,November-9-2023,Vacant Land,2616 NW 7th Pl,Cape Coral,FL,33993,41250,,,CAPE CORAL,,10628,,,,,Sold,,,https://www.redfin.com/FL/Cape-Coral/2616-NW-7th-Pl-33993/home/67877552,FORTMLS,223073814,N,Y,26.701942,-81.989363
PAST SALE,December-29-2023,Vacant Land,621 NW 26th Ter,Cape Coral,FL,33993,42000,,,CAPE CORAL,,10628,,,,,Sold,,,https://www.redfin.com/FL/Cape-Coral/621-NW-26th-Ter-33993/home/62033168,FORTMLS,223082582,N,Y,26.7018921,-81.9883299
PAST SALE,September-18-2023,Vacant Land,2327 NW 8th Pl,Cape Coral,FL,33993,48750,,,CAPE CORAL,,10001,,,,,Sold,,,https://www.redfin.com/FL/Cape-Coral/2327-NW-8th-Pl-33993/home/173628098,Stellar MLS as Distributed by MLS Grid,O6125773,N,Y,26.7003979,-81.9910139
PAST SALE,July-7-2023,Vacant Land,1114 NW 22nd Ter,Cape Coral,FL,33993,45000,,,CAPE CORAL,,10628,,,,,Sold,,,https://www.redfin.com/FL/Cape-Coral/1114-Nw-22nd-Ter-33993/home/67925584,FORTMLS,223033554,N,Y,26.694017,-81.997384
PAST SALE,,Vacant Land,1106 NW 22nd Ter,Cape Coral,FL,33993,37000,,,,,10629,,,,,,,,https://www.redfin.com/FL/Cape-Coral/1106-NW-22nd-Ter-33993/home/67925583,,,N,Y,26.6940149,-81.9968672
PAST SALE,September-15-2023,Single Family Residential,1009 NW 23rd St,Cape Coral,FL,33993,349490,3,2.0,"CC41 - Cape Coral Unit 37-43,48,49",1672,10890,2023,,209,,Sold,,,https://www.redfin.com/FL/Cape-Coral/1009-NW-23rd-St-33993/home/67925365,NAPLESMLS,223000727,N,Y,26.695372,-81.995242
PAST SALE,,Vacant Land,1011 NW 22nd Ter,Cape Coral,FL,33993,350000,,,,,10629,,,,,,,,https://www.redfin.com/FL/Cape-Coral/1011-NW-22nd-Ter-33993/home/67925294,,,N,Y,26.69452,-81.995388
PAST SALE,,Vacant Land,3017 NW 7th Ave,Cape Coral,FL,33993,35000,,,,,10019,,,,,,,,https://www.redfin.com/FL/Cape-Coral/3017-NW-7th-Ave-33993/home/67875765,,,N,Y,26.709866,-81.987554
PAST SALE,,Vacant Land,631 NW 29th St,Cape Coral,FL,33993,43000,,,,,10367,,,,,,,,https://www.redfin.com/FL/Cape-Coral/631-NW-29th-St-33993/home/67875988,,,N,Y,26.706275,-81.9875
PAST SALE,August-31-2023,Vacant Land,635 NW 29th Ter,Cape Coral,FL,33993,30000,,,CAPE CORAL,,10672,,,,,Sold,,,https://www.redfin.com/FL/Cape-Coral/635-NW-29th-Ter-33993/home/62072810,FORTMLS,222061025,N,Y,26.707309,-81.9872199
PAST SALE,August-29-2023,Vacant Land,1726 NW 15th St,Cape Coral,FL,33993,41000,,,CAPE CORAL,,10018,,,,,Sold,,,https://www.redfin.com/FL/Cape-Coral/1726-NW-15th-St-33993/home/67734340,FORTMLS,223049810,N,Y,26.680183,-82.010629
PAST SALE,September-29-2023,Vacant Land,1710 NW 14th St,Cape Coral,FL,33993,26500,,,CAPE CORAL,,10018,,,,,Sold,,,https://www.redfin.com/FL/Cape-Coral/1710-NW-14th-Ave-33993/home/67734058,FORTMLS,223032163,N,Y,26.678473,-82.009612
PAST SALE,October-4-2023,Vacant Land,31 NW 19th Ter,Cape Coral,FL,33993,43000,,,CAPE CORAL,,10018,,,,,Sold,,,https://www.redfin.com/FL/Cape-Coral/31-NE-19th-Ter-33909/home/67931682,FORTMLS,223065474,N,Y,26.6890475,-81.9761989
PAST SALE,October-31-2023,Vacant Land,1816 NW 1st Ave,Cape Coral,FL,33993,43000,,,CAPE CORAL,,10454,,,,,Sold,,,https://www.redfin.com/FL/Cape-Coral/1816-Nw-1st-Ave-33993/home/67931426,FORTMLS,223070095,N,Y,26.6874659,-81.9764317
PAST SALE,,Vacant Land,2115 NW 9th Pl,Cape Coral,FL,33993,60000,,,,,10019,,,,,,,,https://www.redfin.com/FL/Cape-Coral/2115-NW-9th-Pl-33993/home/67925251,,,N,Y,26.692481,-81.9932709
PAST SALE,July-14-2023,Vacant Land,1909 NW 14th Ave,Cape Coral,FL,33993,40000,,,CAPE CORAL,,10628,,,,,Sold,,,https://www.redfin.com/FL/Cape-Coral/1909-Nw-14th-Ave-33993/home/67925587,FORTMLS,223031326,N,Y,26.688997,-82.0026759
PAST SALE,July-18-2023,Vacant Land,1305 NW 18th Ter,Cape Coral,FL,33993,37000,,,CAPE CORAL,,10018,,,,,Sold,,,https://www.redfin.com/FL/Cape-Coral/1305-NW-18th-Ter-33993/home/67925788,FORTMLS,223022515,N,Y,26.687717,-82.002503
PAST SALE,October-6-2023,Vacant Land,2608 NW 3rd Pl,Cape Coral,FL,33993,45500,,,CAPE CORAL,,10105,,,,,Sold,,,https://www.redfin.com/FL/Cape-Coral/2608-NW-3rd-Pl-33993/home/62047103,FORTMLS,223059660,N,Y,26.701672,-81.981533
PAST SALE,September-25-2023,Vacant Land,2432 NW 7th Pl,Cape Coral,FL,33993,39000,,,CAPE CORAL,,10018,,,,,Sold,,,https://www.redfin.com/FL/Cape-Coral/2432-NW-7th-Pl-33993/home/62089297,FORTMLS,223052975,N,Y,26.6987364,-81.9893815
PAST SALE,September-7-2023,Vacant Land,2420 NW 7th Ave,Cape Coral,FL,33993,36000,,,CAPE CORAL,,10628,,,,,Sold,,,https://www.redfin.com/FL/Cape-Coral/2420-NW-7th-Ave-33993/home/67876953,FORTMLS,223057544,N,Y,26.698353,-81.988429
PAST SALE,November-20-2023,Vacant Land,2401 Nelson Rd N,Cape Coral,FL,33993,43000,,,CAPE CORAL,,10497,,,,,Sold,,,https://www.redfin.com/FL/Cape-Coral/2401-Nelson-Rd-N-33993/home/67876910,FORTMLS,223058708,N,Y,26.697177,-81.9898259
PAST SALE,December-8-2023,Vacant Land,619 NW 25th Ter,Cape Coral,FL,33993,40000,,,"CC41 - Cape Coral Unit 37-43,48,49",,10628,,,,,Sold,,,https://www.redfin.com/FL/Cape-Coral/619-NW-25th-Ter-33993/home/62032272,BEARMLS,223081947,N,Y,26.700204,-81.987805
PAST SALE,November-21-2023,Vacant Land,333 Kismet Pkwy W,Cape Coral,FL,33993,40000,,,Cape Coral,,9583,,,,,Sold,,,https://www.redfin.com/FL/Cape-Coral/333-Kismet-Pkwy-W-33993/home/67877015,MARMLS,A11378840,N,Y,26.697218,-81.982117
PAST SALE,,Vacant Land,505 NW 23rd St,Cape Coral,FL,33993,45000,,,,,10019,,,,,,,,https://www.redfin.com/FL/Cape-Coral/505-NW-23rd-St-33993/home/67931003,,,N,Y,26.6962585,-81.9840277
PAST SALE,October-1-2023,Vacant Land,304 Jacaranda Pkwy E,Cape Coral,FL,33909,26900,,,CAPE CORAL,,10019,,,,,Sold,,,https://www.redfin.com/FL/Cape-Coral/304-Jacaranda-Pkwy-E-33909/home/67869483,Stellar MLS as Distributed by MLS Grid,U8212373,N,Y,26.7113799,-81.96718
PAST SALE,November-7-2023,Vacant Land,55 NE 31st Ter,Cape Coral,FL,33909,42000,,,CAPE CORAL,,10018,,,,,Sold,,,https://www.redfin.com/FL/Cape-Coral/55-NE-31st-Ter-33909/home/67869227,FORTMLS,223068627,N,Y,26.710938,-81.972165
PAST SALE,,Vacant Land,600 NW 27th St,Cape Coral,FL,33993,45000,,,,,10934,,,,,,,,https://www.redfin.com/FL/Cape-Coral/600-NW-27th-St-33993/home/62082613,,,N,Y,26.702383,-81.986842
PAST SALE,September-15-2023,Vacant Land,2819 NE 5th Pl,Cape Coral,FL,33909,37500,,,CAPE CORAL,,10018,,,,,Sold,,,https://www.redfin.com/FL/Cape-Coral/2819-NE-5th-Pl-33909/home/62049616,FORTMLS,223060702,N,Y,26.705519,-81.961706
PAST SALE,October-24-2023,Vacant Land,911 Wilmington Pkwy,Cape Coral,FL,33993,36000,,,CAPE CORAL,,10629,,,,,Sold,,,https://www.redfin.com/FL/Cape-Coral/911-Wilmington-Pkwy-33993/home/62069226,Stellar MLS as Distributed by MLS Grid,O6099499,N,Y,26.708262,-81.993555
PAST SALE,December-27-2023,Vacant Land,834 Wilmington Pkwy,Cape Coral,FL,33993,49900,,,CAPE CORAL,,10019,,,,,Sold,,,https://www.redfin.com/FL/Cape-Coral/834-Wilmington-Pkwy-33993/home/62090383,Stellar MLS as Distributed by MLS Grid,A4583693,N,Y,26.7083939,-81.991761
PAST SALE,September-25-2023,Vacant Land,2236 NW 7th Pl,Cape Coral,FL,33993,40000,,,"CC41 - Cape Coral Unit 37-43,48,49",,10018,,,,,Sold,,,https://www.redfin.com/FL/Cape-Coral/2236-NW-7th-Pl-33993/home/67931043,NAPLESMLS,223051299,N,Y,26.695557,-81.989398
PAST SALE,,Vacant Land,2132 NW 7th Ave,Cape Coral,FL,33993,349900,,,,,10019,,,,,,,,https://www.redfin.com/FL/Cape-Coral/2132-NW-7th-Ave-33993/home/67931027,,,N,Y,26.6935063,-81.9884718
PAST SALE,August-23-2023,Vacant Land,2720 NW 9th Ave,Cape Coral,FL,33993,39900,,,"CC41 - Cape Coral Unit 37-43,48,49",,10018,,,,,Sold,,,https://www.redfin.com/FL/Cape-Coral/2720-NW-9th-Ave-33993/home/62060640,NAPLESMLS,223053713,N,Y,26.703646,-81.9924522
PAST SALE,August-15-2023,Vacant Land,2704 NW 8th Pl,Cape Coral,FL,33993,40000,,,CAPE CORAL,,10018,,,,,Sold,,,https://www.redfin.com/FL/Cape-Coral/2704-NW-8th-Pl-33993/home/67884400,FORTMLS,223032499,N,Y,26.702819,-81.991502
PAST SALE,November-9-2023,Vacant Land,2820 Nelson Rd N,Cape Coral,FL,33993,37500,,,CAPE CORAL,,10629,,,,,Sold,,,https://www.redfin.com/FL/Cape-Coral/2820-Nelson-Rd-N-33993/home/67884070,Stellar MLS as Distributed by MLS Grid,J968597,N,Y,26.705665,-81.9904339
PAST SALE,September-26-2023,Vacant Land,2303 NE 5th Pl,Cape Coral,FL,33909,37000,,,CAPE CORAL,,10001,,,,,Sold,,,https://www.redfin.com/FL/Cape-Coral/2303-NE-5th-Pl-33909/home/61983574,FORTMLS,223035757,N,Y,26.694824,-81.961831
PAST SALE,October-30-2023,Vacant Land,2108 NE 5th Pl,Cape Coral,FL,33909,42500,,,NOT APPLICABLE,,10018,,,,,Sold,,,https://www.redfin.com/FL/Cape-Coral/2108-NE-5th-Pl-33909/home/67939239,FORTMLS,223071544,N,Y,26.6921522,-81.9624388
PAST SALE,,Vacant Land,422 NE 23rd Ter,Cape Coral,FL,33909,45000,,,,,10019,,,,,,,,https://www.redfin.com/FL/Cape-Coral/422-NE-23rd-Ter-33909/home/67939242,,,N,Y,26.695268,-81.963319
PAST SALE,November-14-2023,Vacant Land,2319 NE 5th Pl,Cape Coral,FL,33909,38000,,,CAPE CORAL,,10018,,,,,Sold,,,https://www.redfin.com/FL/Cape-Coral/2319-NE-5th-Pl-33909/home/67939107,FORTMLS,223076937,N,Y,26.6957042,-81.9618231
PAST SALE,July-7-2023,Vacant Land,625 Kismet Pkwy E,Cape Coral,FL,33909,38000,,,CAPE CORAL,,10018,,,,,Sold,,,https://www.redfin.com/FL/Cape-Coral/625-Kismet-Pkwy-E-33909/home/67939330,FORTMLS,222074944,N,Y,26.6967399,-81.959072
PAST SALE,August-30-2023,Vacant Land,2604 NE 6th Pl,Cape Coral,FL,33909,44000,,,CAPE CORAL,,10018,,,,,Sold,,,https://www.redfin.com/FL/Cape-Coral/2604-NE-6th-Pl-33909/home/62082260,FORTMLS,222090221,N,Y,26.7003851,-81.9600686
PAST SALE,September-15-2023,Vacant Land,416 NE 24th Ter,Cape Coral,FL,33909,40000,,,CAPE CORAL,,10018,,,,,Sold,,,https://www.redfin.com/FL/Cape-Coral/416-NE-24th-Ter-33909/home/67869681,FORTMLS,223039566,N,Y,26.6971466,-81.9595885
PAST SALE,September-29-2023,Vacant Land,410 NE 26th St,Cape Coral,FL,33909,43000,,,CAPE CORAL,,10890,,,,,Sold,,,https://www.redfin.com/FL/Cape-Coral/410-NE-26th-St-33909/home/67869551,FORTMLS,223039408,N,Y,26.6998267,-81.9641236
PAST SALE,,Vacant Land,419 NE 25th Ave,Cape Coral,FL,33909,57000,,,,,10019,,,,,,,,https://www.redfin.com/FL/Cape-Coral/419-NE-25th-Ave-33909/home/61984659,,,N,Y,26.698361,-81.963547
PAST SALE,July-26-2023,Vacant Land,2416 NE 6th Ave,Cape Coral,FL,33909,37000,,,CAPE CORAL,,10628,,,,,Sold,,,https://www.redfin.com/FL/Cape-Coral/2416-NE-6th-Pl-33909/home/62091095,FORTMLS,223031806,N,Y,26.697484,-81.961045
PAST SALE,October-24-2023,Vacant Land,711 NE 23rd Ter,Cape Coral,FL,33909,45000,,,CAPE CORAL,,10497,,,,,Sold,,,https://www.redfin.com/FL/Cape-Coral/711-NE-23rd-Ter-33909/home/67939159,FORTMLS,223052402,N,Y,26.695785,-81.958221
PAST SALE,July-28-2023,Vacant Land,102 NE 24th Ter,Cape Coral,FL,33909,40000,,,"CC31 - Cape Coral Unit 17,31-36,",,10018,,,,,Sold,,,https://www.redfin.com/FL/Cape-Coral/102-NE-24th-Ter-33909/home/67870107,BEARMLS,223039089,N,Y,26.697001,-81.971765
PAST SALE,,Vacant Land,2525 Santa Barbara Blvd N,Cape Coral,FL,33993,40000,,,,,10019,,,,,,,,https://www.redfin.com/FL/Cape-Coral/2525-Santa-Barbara-Blvd-N-33993/home/62057146,,,N,Y,26.69958,-81.973656
PAST SALE,September-5-2023,Vacant Land,2220 NE 1st Ave,Cape Coral,FL,33909,42000,,,CAPE CORAL,,11373,,,,,Sold,,,https://www.redfin.com/FL/Cape-Coral/2220-NE-1st-Ter-33909/home/62067712,FORTMLS,223004563,N,Y,26.694401,-81.9723598
PAST SALE,August-25-2023,Vacant Land,113 NW 23rd Ter,Cape Coral,FL,33993,42500,,,CAPE CORAL,,10541,,,,,Sold,,,https://www.redfin.com/FL/Cape-Coral/113-NW-23rd-Ter-33993/home/67931511,FORTMLS,223047035,N,Y,26.695851,-81.976973
PAST SALE,September-15-2023,Vacant Land,2234 NW 1st Ave,Cape Coral,FL,33993,41500,,,CAPE CORAL,,11151,,,,,Sold,,,https://www.redfin.com/FL/Cape-Coral/2234-NW-1st-Ave-33993/home/67931318,FORTMLS,223055588,N,Y,26.6953126,-81.9764002
PAST SALE,November-14-2023,Vacant Land,2107 NW 2nd Pl,Cape Coral,FL,33993,62000,,,CAPE CORAL,,10018,,,,,Sold,,,https://www.redfin.com/FL/Cape-Coral/2107-NW-2nd-Pl-33993/home/61984425,FORTMLS,223073448,N,Y,26.692179,-81.979002
PAST SALE,November-16-2023,Vacant Land,2021 NW 2nd Pl,Cape Coral,FL,33993,42000,,,CAPE CORAL,,10628,,,,,Sold,,,https://www.redfin.com/FL/Cape-Coral/2021-NW-2nd-Pl-33993/home/61984426,FORTMLS,223043758,N,Y,26.690852,-81.979012
PAST SALE,July-30-2023,Vacant Land,3015 NW 3rd Pl,Cape Coral,FL,33993,39000,,,"CC41 - Cape Coral Unit 37-43,48,49",,11369,,,,,Sold,,,https://www.redfin.com/FL/Cape-Coral/3015-NW-3rd-Pl-33993/home/67876224,NAPLESMLS,222041936,N,Y,26.709179,-81.978335
PAST SALE,,Vacant Land,209 NW 30th St,Cape Coral,FL,33993,42000,,,,,11326,,,,,,,,https://www.redfin.com/FL/Cape-Coral/209-NW-30th-St-33993/home/67876427,,,N,Y,26.708316,-81.977217
PAST SALE,December-14-2023,Vacant Land,3023 NW 3rd Pl,Cape Coral,FL,33993,38000,,,CAPE CORAL,,10193,,,,,Sold,,,https://www.redfin.com/FL/Cape-Coral/3023-NW-3rd-Pl-33993/home/67876221,Stellar MLS as Distributed by MLS Grid,J969962,N,Y,26.709641,-81.978344
PAST SALE,,Vacant Land,351 NE 25th Ter,Cape Coral,FL,33909,41000,,,,,10019,,,,,,,,https://www.redfin.com/FL/Cape-Coral/351-NE-25th-Ter-33909/home/67870061,,,N,Y,26.6983534,-81.9647725
PAST SALE,July-18-2023,Vacant Land,1841 NW 7th Ave,Cape Coral,FL,33993,68000,,,"CC41 - Cape Coral Unit 37-43,48,49",,10018,,,,,Sold,,,https://www.redfin.com/FL/Cape-Coral/1841-Nw-7th-Ave-33993/home/67931871,NAPLESMLS,223045362,N,Y,26.688873,-81.987944
PAST SALE,July-21-2023,Vacant Land,2306 NW 7th Pl,Cape Coral,FL,33993,35000,,,Not in Subdivision,,10019,,,,,Sold,,,https://www.redfin.com/FL/Cape-Coral/2306-Nw-7th-Pl-33993/home/67931044,DGLMLS,786480,N,Y,26.696437,-81.98939
PAST SALE,,Vacant Land,628 NW 26th Ter,Cape Coral,FL,33993,36300,,,,,10237,,,,,,,,https://www.redfin.com/FL/Cape-Coral/628-NW-26th-Ter-33993/home/67877359,,,N,Y,26.701384,-81.988574
PAST SALE,November-13-2023,Vacant Land,620 NW 28 St,Cape Coral,FL,33993,45000,,,CAPE CORAL UNIT 40,,15002,,,,,Sold,,,https://www.redfin.com/FL/Cape-Coral/620-NW-28th-St-33993/home/67877328,MARMLS,A11378578,N,Y,26.704007,-81.987513
PAST SALE,,Single Family Residential,1734 NW 18th St,Cape Coral,FL,33993,287000,3,2.0,,1382,10019,2019,,208,,,,,https://www.redfin.com/FL/Cape-Coral/1734-NW-18th-St-33993/home/67920563,,,N,Y,26.685836,-82.0110589
PAST SALE,July-24-2023,Vacant Land,126 NW 25th St,Cape Coral,FL,33993,45000,,,CAPE CORAL,,15638,,,,,Sold,,,https://www.redfin.com/FL/Cape-Coral/126-NW-25th-St-33993/home/62068633,FORTMLS,223048289,N,Y,26.698301,-81.9783712
PAST SALE,November-22-2023,Vacant Land,104 NW 26th St,Cape Coral,FL,33993,41000,,,CAPE CORAL,,10367,,,,,Sold,,,https://www.redfin.com/FL/Cape-Coral/104-NW-26th-St-33993/home/67876869,FORTMLS,223072331,N,Y,26.699843,-81.977168
PAST SALE,,Vacant Land,203 NW 19th Ter,Cape Coral,FL,33993,35500,,,,,10019,,,,,,,,https://www.redfin.com/FL/Cape-Coral/203-NW-19th-Ter-33993/home/62032601,,,N,Y,26.689049,-81.978278
PAST SALE,October-31-2023,Vacant Land,1725 Santa Barbara Blvd N,Cape Coral,FL,33993,54000,,,Cape Coral,,14985,,,,,Sold,,,https://www.redfin.com/FL/Cape-Coral/1725-Santa-Barbara-Blvd-N-33993/home/185446454,MARMLS,A11388506,N,Y,26.6852992,-81.9737766
PAST SALE,,Vacant Land,2208 NE Juanita Pl,Cape Coral,FL,33909,36000,,,,,10019,,,,,,,,https://www.redfin.com/FL/Cape-Coral/2208-NE-Juanita-Pl-33909/home/67938973,,,N,Y,26.6937754,-81.9733119
PAST SALE,December-20-2023,Vacant Land,1916 NE 1st Pl,Cape Coral,FL,33909,36000,,,CAPE CORAL,,10019,,,,,Sold,,,https://www.redfin.com/FL/Cape-Coral/1916-NE-1st-Ave-33909/home/61932938,Stellar MLS as Distributed by MLS Grid,T3484007,N,Y,26.6885922,-81.9723808
PAST SALE,July-31-2023,Vacant Land,2127 Andalusia Blvd,Cape Coral,FL,33909,80000,,,CAPE CORAL,,14985,,,,,Sold,,,https://www.redfin.com/FL/Cape-Coral/2127-Andalusia-Blvd-33909/home/61984283,Stellar MLS as Distributed by MLS Grid,C7475221,N,Y,26.6926099,-81.9566857
PAST SALE,September-21-2023,Vacant Land,2307 Andalusia Blvd,Cape Coral,FL,33909,70000,,,"CC31 - Cape Coral Unit 17,31-36,",,14984,,,,,Sold,,,https://www.redfin.com/FL/Cape-Coral/2307-Andalusia-Blvd-33909/home/67910739,NAPLESMLS,223053641,N,Y,26.694682,-81.956581
PAST SALE,November-17-2023,Vacant Land,351 NE 25th St,Cape Coral,FL,33909,38000,,,CAPE CORAL,,10018,,,,,Sold,,,https://www.redfin.com/FL/Cape-Coral/351-NE-25th-Ter-33909/home/61839633,FORTMLS,222045690,N,Y,26.6994907,-81.9649453
PAST SALE,December-21-2023,Vacant Land,506 NE 25th Ter,Cape Coral,FL,33909,33000,,,CAPE CORAL,,10018,,,,,Sold,,,https://www.redfin.com/FL/Cape-Coral/506-Ne-25th-Ter-33909/home/61995006,FORTMLS,223082072,N,Y,26.698987,-81.9625609
PAST SALE,August-1-2023,Vacant Land,2117 NW 3rd Pl,Cape Coral,FL,33993,43000,,,CAPE CORAL,,11107,,,,,Sold,,,https://www.redfin.com/FL/Cape-Coral/2117-NW-3rd-Ter-33993/home/67931551,FORTMLS,223041454,N,Y,26.6927457,-81.9808982
PAST SALE,August-17-2023,Vacant Land,333 NE 20th Ter,Cape Coral,FL,33909,31500,,,CAPE CORAL,,10019,,,,,Sold,,,https://www.redfin.com/FL/Cape-Coral/333-NE-20th-Ter-33909/home/67938895,Stellar MLS as Distributed by MLS Grid,T3390328,N,Y,26.690857,-81.965926
PAST SALE,August-31-2023,Vacant Land,423 NE 20th St,Cape Coral,FL,33909,42000,,,CAPE CORAL,,10018,,,,,Sold,,,https://www.redfin.com/FL/Cape-Coral/423-NE-20th-St-33909/home/67939327,FORTMLS,223059578,N,Y,26.69002,-81.963514
PAST SALE,,Vacant Land,1164 NW 1st Pl,Cape Coral,FL,33993,38000,,,,,10629,,,,,,,,https://www.redfin.com/FL/Cape-Coral/1164-NW-1st-Pl-33993/home/62001948,,,N,Y,26.676036,-81.977462
PAST SALE,November-28-2023,Vacant Land,1813 NW Juanita Pl,Cape Coral,FL,33993,49999,,,CAPE CORAL,,10018,,,,,Sold,,,https://www.redfin.com/FL/Cape-Coral/1813-NW-Juanita-Pl-33993/home/67931405,FORTMLS,223044266,N,Y,26.687169,-81.974911
PAST SALE,August-16-2023,Vacant Land,2717 NW 1st Pl,Cape Coral,FL,33993,44000,,,CAPE CORAL,,12109,,,,,Sold,,,https://www.redfin.com/FL/Cape-Coral/2717-NW-1st-Pl-33993/home/62002878,FORTMLS,223019970,N,Y,26.702829,-81.97662
PAST SALE,August-18-2023,Vacant Land,1325 NE 1st Ave,Cape Coral,FL,33909,34900,,,CAPE CORAL,,10018,,,,,Sold,,,https://www.redfin.com/FL/Cape-Coral/1325-NE-1st-Ave-33909/home/67707300,FORTMLS,222086104,N,Y,26.6782703,-81.9718695
PAST SALE,August-23-2023,Vacant Land,1323 Santa Barbara Blvd N,Cape Coral,FL,33993,32000,,,CAPE CORAL,,14984,,,,,Sold,,,https://www.redfin.com/FL/Cape-Coral/1323-Santa-Barbara-Blvd-N-33993/home/62049124,FORTMLS,222029693,N,Y,26.678112,-81.973828
PAST SALE,,Vacant Land,2722 Santa Barbara Blvd,Cape Coral,FL,33914,11000,,,,,5009,,,,,,,,https://www.redfin.com/FL/Cape-Coral/2722-Santa-Barbara-Blvd-33914/home/67876555,,,N,Y,26.703964,-81.974228
PAST SALE,,Vacant Land,1722 NW 5th Pl,Cape Coral,FL,33993,39000,,,,,10019,,,,,,,,https://www.redfin.com/FL/Cape-Coral/1722-NW-5th-Pl-33993/home/67931784,,,N,Y,26.685618,-81.985387
PAST SALE,August-23-2023,Vacant Land,1507 NW 20th St,Cape Coral,FL,33993,40000,,,CAPE CORAL,,10628,,,,,Sold,,,https://www.redfin.com/FL/Cape-Coral/1507-NW-20th-Ter-33993/home/67924975,FORTMLS,223016787,N,Y,26.6902823,-82.0049876
PAST SALE,September-14-2023,Vacant Land,1424 NW 17th Ter,Cape Coral,FL,33993,55000,,,"CC41 - Cape Coral Unit 37-43,48,49",,10018,,,,,Sold,,,https://www.redfin.com/FL/Cape-Coral/1424-NW-17th-Ter-33993/home/67925601,NAPLESMLS,223053146,N,Y,26.684974,-82.004318
PAST SALE,December-12-2023,Vacant Land,1480 NW 19th Ter,Cape Coral,FL,33993,45000,,,CAPE CORAL,,10018,,,,,Sold,,,https://www.redfin.com/FL/Cape-Coral/1480-NW-19th-Ter-33993/home/67925772,FORTMLS,223087204,N,Y,26.6889189,-82.0044209
PAST SALE,,Vacant Land,2723 NE 4th Pl,Cape Coral,FL,33909,39618,,,,,10629,,,,,,,,https://www.redfin.com/FL/Cape-Coral/2723-NE-4th-Pl-33909/home/67869603,,,N,Y,26.702997,-81.963604
PAST SALE,October-12-2023,Vacant Land,2621 NE 5th Ave,Cape Coral,FL,33909,40000,,,CAPE CORAL,,10018,,,,,Sold,,,https://www.redfin.com/FL/Cape-Coral/2621-NE-5th-Ave-33909/home/67869584,FORTMLS,223058137,N,Y,26.701262,-81.962704
PAST SALE,October-19-2023,Vacant Land,336 NE 25th St,Cape Coral,FL,33909,45000,,,CAPE CORAL,,14984,,,,,Sold,,,https://www.redfin.com/FL/Cape-Coral/336-NE-25th-St-33909/home/67869536,FORTMLS,223053320,N,Y,26.697866,-81.96566
PAST SALE,September-4-2023,Vacant Land,632 NW 16th Ter,Cape Coral,FL,33993,19900,,,CAPE CORAL,,9888,,,,,Sold,,,https://www.redfin.com/FL/Cape-Coral/632-NW-16th-Ter-33993/home/62046128,FORTMLS,223058063,N,Y,26.682908,-81.988067
PAST SALE,,Vacant Land,639 NW 14th Ter,Cape Coral,FL,33993,36218,,,,,9845,,,,,,,,https://www.redfin.com/FL/Cape-Coral/639-NW-14th-Ter-33993/home/67714823,,,N,Y,26.679818,-81.98813
PAST SALE,,Vacant Land,15 NE 19th Ter,Cape Coral,FL,33909,32000,,,,,10629,,,,,,,,https://www.redfin.com/FL/Cape-Coral/15-NE-19th-Ter-33909/home/62059035,,,N,Y,26.6890468,-81.9752112
PAST SALE,,Vacant Land,531 Nw 14th St,Cape Coral,FL,33993,35000,,,,,10019,,,,,,,,https://www.redfin.com/FL/Cape-Coral/531-Nw-14th-St-33993/home/67714348,,,N,Y,26.678692,-81.985739
PAST SALE,August-1-2023,Vacant Land,1425 Santa Barbara Blvd N,Cape Coral,FL,33993,33000,,,CAPE CORAL,,10018,,,,,Sold,,,https://www.redfin.com/FL/Cape-Coral/1425-Santa-Barbara-Blvd-N-33993/home/67707009,FORTMLS,223042937,N,Y,26.679928,-81.973799
PAST SALE,December-19-2023,Vacant Land,2824 NW 4th Pl,Cape Coral,FL,33993,44900,,,CAPE CORAL,,10105,,,,,Sold,,,https://www.redfin.com/FL/Cape-Coral/2824-NW-4th-Pl-33993/home/67875739,FORTMLS,223055753,N,Y,26.704896,-81.9824802
PAST SALE,,Vacant Land,2618 NW 1st Ave,Cape Coral,FL,33993,42500,,,,,12197,,,,,,,,https://www.redfin.com/FL/Cape-Coral/2618-NW-1st-Ave-33993/home/67876523,,,N,Y,26.701133,-81.97682
PAST SALE,July-31-2023,Vacant Land,2802 NW 1st Pl,Cape Coral,FL,33993,45000,,,CAPE CORAL,,10367,,,,,Sold,,,https://www.redfin.com/FL/Cape-Coral/2802-NW-1st-St-33993/home/67876533,FORTMLS,223016231,N,Y,26.702892,-81.977228
PAST SALE,July-31-2023,Vacant Land,2133 NE 1st Ave,Cape Coral,FL,33909,35000,,,CAPE CORAL,,10018,,,,,Sold,,,https://www.redfin.com/FL/Cape-Coral/2133-Ne-1st-Ave-33909/home/62078465,FORTMLS,223004400,N,Y,26.693197,-81.971796
PAST SALE,,Vacant Land,2129 Santa Barbara Blvd N,Cape Coral,FL,33993,39000,,,,,9888,,,,,,,,https://www.redfin.com/FL/Cape-Coral/2129-Santa-Barbara-Blvd-N-33993/home/62028802,,,N,Y,26.692932,-81.973756
PAST SALE,,Vacant Land,2802 NW 3rd Ave,Cape Coral,FL,33993,340000,,,,,10106,,,,,,,,https://www.redfin.com/FL/Cape-Coral/2802-NW-3rd-Ave-33993/home/67876885,,,N,Y,26.703797,-81.9799078
PAST SALE,December-21-2023,Vacant Land,404 NE 18th St,Cape Coral,FL,33909,50000,,,CAPE CORAL,,10018,,,,,Sold,,,https://www.redfin.com/FL/Cape-Coral/404-Ne-18th-St-33909/home/62046657,FORTMLS,222041242,N,Y,26.686081,-81.96433
PAST SALE,October-4-2023,Vacant Land,2214 NE 7th Ave,Cape Coral,FL,33909,42500,,,CAPE CORAL,,10019,,,,,Sold,,,https://www.redfin.com/FL/Cape-Coral/2214-NE-7th-Ave-33909/home/67939200,Stellar MLS as Distributed by MLS Grid,N6123357,N,Y,26.694229,-81.959221
PAST SALE,September-25-2023,Vacant Land,317 NW 15th Ter,Cape Coral,FL,33993,45000,,,CAPE CORAL,,19998,,,,,Sold,,,https://www.redfin.com/FL/Cape-Coral/317-NW-15th-Ter-33993/home/67714889,Stellar MLS as Distributed by MLS Grid,A4535857,N,Y,26.681504,-81.981216
PAST SALE,November-16-2023,Vacant Land,1325 NE 1st Pl,Cape Coral,FL,33909,27000,,,CAPE CORAL,,10018,,,,,Sold,,,https://www.redfin.com/FL/Cape-Coral/1325-NE-1st-Pl-33909/home/61998689,FORTMLS,223021763,N,Y,26.678257,-81.970614
PAST SALE,,Vacant Land,125 NE 24th Ter,Cape Coral,FL,33909,43000,,,,,10019,,,,,,,,https://www.redfin.com/FL/Cape-Coral/125-NE-24th-Ter-33909/home/67869998,,,N,Y,26.697492,-81.970273
PAST SALE,,Vacant Land,205 Kismet Pkwy E,Cape Coral,FL,33909,42000,,,,,10019,,,,,,,,https://www.redfin.com/FL/Cape-Coral/205-Kismet-Pkwy-E-33909/home/67938919,,,N,Y,26.696672,-81.969446
PAST SALE,July-14-2023,Vacant Land,3030 NW 1st Ave,Cape Coral,FL,33993,33000,,,CAPE CORAL,,10628,,,,,Sold,,,https://www.redfin.com/FL/Cape-Coral/3030-NW-1st-Ave-33993/home/67876200,FORTMLS,223004115,N,Y,26.710336,-81.97611
PAST SALE,November-2-2023,Vacant Land,313 NW 19th Ter,Cape Coral,FL,33993,41000,,,CAPE CORAL,,10019,,,,,Sold,,,https://www.redfin.com/FL/Cape-Coral/313-NW-19th-Ter-33993/home/67931674,Stellar MLS as Distributed by MLS Grid,A4580990,N,Y,26.689051,-81.980728
PAST SALE,,Vacant Land,1809 NW 3rd Pl,Cape Coral,FL,33993,45000,,,,,10629,,,,,,,,https://www.redfin.com/FL/Cape-Coral/1809-NW-3rd-Pl-33993/home/67931574,,,N,Y,26.686919,-81.980607
PAST SALE,December-13-2023,Vacant Land,2121 NE 4th Ave,Cape Coral,FL,33909,42000,,,CAPE CORAL,,10018,,,,,Sold,,,https://www.redfin.com/FL/Cape-Coral/2121-NE-4th-Ave-33909/home/67939215,FORTMLS,223079478,N,Y,26.692716,-81.964648
PAST SALE,December-15-2023,Vacant Land,323 NE 19th Ter,Cape Coral,FL,33909,42000,,,CAPE CORAL,,10018,,,,,Sold,,,https://www.redfin.com/FL/Cape-Coral/323-Ne-19th-Ter-33909/home/67939402,FORTMLS,222060235,N,Y,26.688818,-81.966438
PAST SALE,,Vacant Land,2003 NE 6th Ave,Cape Coral,FL,33909,40000,,,,,11108,,,,,,,,https://www.redfin.com/FL/Cape-Coral/2003-NE-6th-Ave-33909/home/67939184,,,N,Y,26.689992,-81.960579
PAST SALE,,Vacant Land,2110 NE 6th Pl,Cape Coral,FL,33909,348000,,,,,11108,,,,,,,,https://www.redfin.com/FL/Cape-Coral/2110-NE-6th-Pl-33909/home/67939182,,,N,Y,26.6922989,-81.9601689
PAST SALE,November-17-2023,Vacant Land,1732 NW 11th Ave,Cape Coral,FL,33993,45000,,,CAPE CORAL,,10759,,,,,Sold,,,https://www.redfin.com/FL/Cape-Coral/1732-NW-11th-Ave-33993/home/67925666,FORTMLS,223068538,N,Y,26.686032,-81.996748
PAST SALE,November-27-2023,Vacant Land,1302 Diplomat Pkwy W,Cape Coral,FL,33993,44900,,,CAPE CORAL,,10001,,,,,Sold,,,https://www.redfin.com/FL/Cape-Coral/1302-Diplomat-Pkwy-W-33993/home/62001925,FORTMLS,221088701,N,Y,26.681912,-82.000782
PAST SALE,,Vacant Land,1613 NW Juanita Pl,Cape Coral,FL,33993,30000,,,,,10019,,,,,,,,https://www.redfin.com/FL/Cape-Coral/1613-NW-Juanita-Pl-33993/home/67939939,,,N,Y,26.6835999,-81.972757
PAST SALE,,Vacant Land,2612 Santa Barbara Blvd,Cape Coral,FL,33914,13500,,,,,5009,,,,,,,,https://www.redfin.com/FL/Cape-Coral/2612-Santa-Barbara-Blvd-33914/home/67876599,,,N,Y,26.700578,-81.974318
PAST SALE,December-19-2023,Vacant Land,27 NW 24th Ter,Cape Coral,FL,33993,34000,,,CAPE CORAL,,10541,,,,,Sold,,,https://www.redfin.com/FL/Cape-Coral/27-NW-24th-Ter-33993/home/62087223,FORTMLS,223080417,N,Y,26.697575,-81.976123
PAST SALE,,Vacant Land,228 NW 15th St,Cape Coral,FL,33993,44000,,,,,10019,,,,,,,,https://www.redfin.com/FL/Cape-Coral/228-NW-15th-St-33993/home/67714931,,,N,Y,26.6801679,-81.979578
PAST SALE,September-25-2023,Vacant Land,328 NW 15th St,Cape Coral,FL,33993,40000,,,CAPE CORAL,,10018,,,,,Sold,,,https://www.redfin.com/FL/Cape-Coral/328-NW-15th-St-33993/home/67714820,FORTMLS,223046820,N,Y,26.68017,-81.982426
PAST SALE,,Vacant Land,1419 NW 3rd Pl,Cape Coral,FL,33993,50000,,,,,10019,,,,,,,,https://www.redfin.com/FL/Cape-Coral/1419-NW-3rd-Pl-33993/home/62001848,,,N,Y,26.6795023,-81.9810906
PAST SALE,October-19-2023,Vacant Land,309 NE 24th Ter,Cape Coral,FL,33909,38500,,,CAPE CORAL,,10018,,,,,Sold,,,https://www.redfin.com/FL/Cape-Coral/309-NE-24th-Ter-33909/home/67870092,FORTMLS,223064993,N,Y,26.697512,-81.9672
PAST SALE,,Vacant Land,2504 NW 8th Pl,Cape Coral,FL,33993,39500,,,,,10019,,,,,,,,https://www.redfin.com/FL/Cape-Coral/2504-NW-8th-Pl-33993/home/62028943,,,N,Y,26.699185,-81.991519
PAST SALE,,Vacant Land,1803 NW 9th Pl,Cape Coral,FL,33993,40000,,,,,12371,,,,,,,,https://www.redfin.com/FL/Cape-Coral/1803-NW-9th-Pl-33993/home/62029780,,,N,Y,26.6875,-81.993314
PAST SALE,,Vacant Land,2317 NW 9th Pl,Cape Coral,FL,33993,10000,,,,,10019,,,,,,,,https://www.redfin.com/FL/Cape-Coral/2317-NW-9th-Pl-33993/home/61981892,,,N,Y,26.6960017,-81.9932421
PAST SALE,July-17-2023,Vacant Land,2102 Chiquita Blvd N,Cape Coral,FL,33993,40000,,,CAPE CORAL,,16117,,,,,Sold,,,https://www.redfin.com/FL/Cape-Coral/2102-Chiquita-Blvd-N-33993/home/67920221,FORTMLS,223045335,N,Y,26.692002,-82.006884
PAST SALE,,Vacant Land,1915 NW 17th Ave,Cape Coral,FL,33993,37000,,,,,10498,,,,,,,,https://www.redfin.com/FL/Cape-Coral/1915-NW-17th-Ave-33993/home/67920935,,,N,Y,26.6888814,-82.0083062
PAST SALE,,Vacant Land,1916 NW 15th Pl,Cape Coral,FL,33993,52500,,,,,16117,,,,,,,,https://www.redfin.com/FL/Cape-Coral/1916-NW-15th-Pl-33993/home/67925765,,,N,Y,26.68944,-82.005774
PAST SALE,December-5-2023,Vacant Land,2136 NW 17th Pl,Cape Coral,FL,33993,45000,,,CAPE CORAL,,10018,,,,,Sold,,,https://www.redfin.com/FL/Cape-Coral/2136-NW-17th-Pl-33993/home/67920674,FORTMLS,222052384,N,Y,26.693448,-82.010024
PAST SALE,July-7-2023,Vacant Land,202 NE 25th St,Cape Coral,FL,33909,43000,,,CAPE CORAL,,10018,,,,,Sold,,,https://www.redfin.com/FL/Cape-Coral/202-NE-25th-St-33909/home/67870100,FORTMLS,222056106,N,Y,26.697841,-81.969529
PAST SALE,July-7-2023,Vacant Land,209 NE 25th St,Cape Coral,FL,33909,35000,,,CAPE CORAL,,10018,,,,,Sold,,,https://www.redfin.com/FL/Cape-Coral/209-Ne-25th-St-33909/home/67870183,FORTMLS,223032902,N,Y,26.6983246,-81.9691831
PAST SALE,August-30-2023,Vacant Land,213 Kismet Pkwy E,Cape Coral,FL,33909,40000,,,CAPE CORAL,,10018,,,,,Sold,,,https://www.redfin.com/FL/Cape-Coral/213-Kismet-Pkwy-E-33909/home/62086674,FORTMLS,223057296,N,Y,26.696676,-81.968956
PAST SALE,August-28-2023,Vacant Land,204 NW 20th St,Cape Coral,FL,33993,31500,,,CAPE CORAL,,10019,,,,,Sold,,,https://www.redfin.com/FL/Cape-Coral/204-NW-20th-St-33993/home/67931434,Stellar MLS as Distributed by MLS Grid,C7475484,N,Y,26.6897239,-81.979797
PAST SALE,December-29-2023,Vacant Land,326 NW 20th Ter,Cape Coral,FL,33993,49900,,,"CC41 - Cape Coral Unit 37-43,48,49",,10018,,,,,Sold,,,https://www.redfin.com/FL/Cape-Coral/326-Nw-20th-Ter-33993/home/67931442,NAPLESMLS,223066610,N,Y,26.690579,-81.982086
PAST SALE,,Vacant Land,1723 NW 19th St,Cape Coral,FL,33993,349000,,,,,10019,,,,,,,,https://www.redfin.com/FL/Cape-Coral/1723-NW-19th-St-33993/home/67920958,,,N,Y,26.688091,-82.010095
PAST SALE,July-27-2023,Vacant Land,1703 NW 18th St,Cape Coral,FL,33993,43000,,,CAPE CORAL,,10018,,,,,Sold,,,https://www.redfin.com/FL/Cape-Coral/1703-Nw-18th-St-33993/home/67920920,FORTMLS,223039247,N,Y,26.686379,-82.008885
PAST SALE,September-25-2023,Single Family Residential,1714 NW 18th Ter,Cape Coral,FL,33993,354999,3,2.0,"CC42 - Cape Coral Unit 50,54,51,52,53,",1672,10890,2023,,212,,Sold,,,https://www.redfin.com/FL/Cape-Coral/1714-NW-18th-Ter-33993/home/67920930,NAPLESMLS,223020232,N,Y,26.686727,-82.009617
PAST SALE,August-29-2023,Vacant Land,1731 Diplomat Pkwy W,Cape Coral,FL,33993,38000,,,CAPE CORAL,,10018,,,,,Sold,,,https://www.redfin.com/FL/Cape-Coral/1731-Diplomat-Pkwy-W-33993/home/67920620,FORTMLS,223041994,N,Y,26.6825629,-82.010588
PAST SALE,July-20-2023,Vacant Land,210 NE 20th Ter,Cape Coral,FL,33909,46000,,,CAPE CORAL,,10018,,,,,Sold,,,https://www.redfin.com/FL/Cape-Coral/210-Ne-20th-Ter-33909/home/67938798,FORTMLS,223036151,N,Y,26.690327,-81.969254
PAST SALE,October-20-2023,Vacant Land,202 NE 20th St,Cape Coral,FL,33909,36000,,,CAPE CORAL,,9975,,,,,Sold,,,https://www.redfin.com/FL/Cape-Coral/202-NE-20th-St-33909/home/67661901,FORTMLS,223063685,N,Y,26.6894705,-81.9697688
PAST SALE,September-8-2023,Vacant Land,1224 NW 13th Ter,Cape Coral,FL,33993,38000,,,CAPE CORAL,,10018,,,,,Sold,,,https://www.redfin.com/FL/Cape-Coral/1224-NW-13th-Ter-33993/home/67723909,FORTMLS,223061371,N,Y,26.677593,-82.000619
PAST SALE,,Vacant Land,1135 NW 13th Ter,Cape Coral,FL,33993,433000,,,,,10019,,,,,,,,https://www.redfin.com/FL/Cape-Coral/1135-NW-13th-Ter-33993/home/67723882,,,N,Y,26.6780973,-81.9986493
PAST SALE,September-5-2023,Vacant Land,1419 NW 17th Pl,Cape Coral,FL,33993,45000,,,CAPE CORAL,,10018,,,,,Sold,,,https://www.redfin.com/FL/Cape-Coral/1419-NW-17th-Pl-33993/home/67734384,FORTMLS,222060879,N,Y,26.679855,-82.00962
PAST SALE,,Vacant Land,1414 NW 17th Ave,Cape Coral,FL,33993,36200,,,,,10019,,,,,,,,https://www.redfin.com/FL/Cape-Coral/1414-NW-17th-Ave-33993/home/67734371,,,N,Y,26.679523,-82.009245
PAST SALE,October-13-2023,Vacant Land,1101 NW 21st Ter,Cape Coral,FL,33993,44000,,,CAPE CORAL,,10018,,,,,Sold,,,https://www.redfin.com/FL/Cape-Coral/1101-NW-21st-Ter-33993/home/67925577,FORTMLS,223065481,N,Y,26.692817,-81.996484
PAST SALE,,Vacant Land,1107 NW 20th St,Cape Coral,FL,33993,45000,,,,,16248,,,,,,,,https://www.redfin.com/FL/Cape-Coral/1107-NW-20th-St-33993/home/62059037,,,N,Y,26.69026,-81.996829
PAST SALE,,Vacant Land,1407 NW 18th Ter,Cape Coral,FL,33993,362400,,,,,10019,,,,,,,,https://www.redfin.com/FL/Cape-Coral/1407-NW-18th-Ter-33993/home/61996726,,,N,Y,26.687718,-82.002993
PAST SALE,September-18-2023,Vacant Land,1418 NW Juanita Pl,Cape Coral,FL,33993,37250,,,CAPE CORAL,,10018,,,,,Sold,,,https://www.redfin.com/FL/Cape-Coral/1418-NW-Juanita-Pl-33993/home/67715076,FORTMLS,223051528,N,Y,26.679716,-81.975503
PAST SALE,,Vacant Land,110 NW 15th Ter,Cape Coral,FL,33993,4500000,,,,,10280,,,,,,,,https://www.redfin.com/FL/Cape-Coral/110-NW-15th-Ter-33993/home/67714903,,,N,Y,26.6809869,-81.97637
PAST SALE,December-20-2023,Single Family Residential,2024 NW Juanita Pl,Cape Coral,FL,33993,379800,4,2.0,"CC41 - Cape Coral Unit 37-43,48,49",1828,10890,2024,,208,,Sold,,,https://www.redfin.com/FL/Cape-Coral/2024-NW-Juanita-Pl-33993/home/67931369,NAPLESMLS,223050528,N,Y,26.691124,-81.975472
PAST SALE,,Vacant Land,1212 Santa Barbara Blvd N,Cape Coral,FL,33993,45000,,,,,10019,,,,,,,,https://www.redfin.com/FL/Cape-Coral/1212-Santa-Barbara-Blvd-N-33993/home/67715303,,,N,Y,26.676824,-81.975549
PAST SALE,September-6-2023,Vacant Land,1502 Nelson Rd N,Cape Coral,FL,33993,45000,,,CAPE CORAL,,10018,,,,,Sold,,,https://www.redfin.com/FL/Cape-Coral/1502-Nelson-Rd-N-33993/home/67724291,FORTMLS,223050408,N,Y,26.6806156,-81.9906973
PAST SALE,September-8-2023,Vacant Land,3209 NW 3rd Pl,Cape Coral,FL,33993,38000,,,CAPE CORAL,,10193,,,,,Sold,,,https://www.redfin.com/FL/Cape-Coral/3209-NW-3rd-Pl-33993/home/67855640,FORTMLS,223057047,N,Y,26.712272,-81.978922
PAST SALE,,Vacant Land,2828 NW 6th Ave,Cape Coral,FL,33993,41500,,,,,10062,,,,,,,,https://www.redfin.com/FL/Cape-Coral/2828-NW-6th-Ave-33993/home/67876084,,,N,Y,26.705746,-81.985575
PAST SALE,December-1-2023,Vacant Land,3203 NW 4th Pl,Cape Coral,FL,33993,40000,,,"CC41 - Cape Coral Unit 37-43,48,49",,10236,,,,,Sold,,,https://www.redfin.com/FL/Cape-Coral/3203-NW-4th-Pl-33993/home/67876634,NAPLESMLS,223066405,N,Y,26.7114793,-81.9806299
PAST SALE,,Vacant Land,2611 NE 7th Pl,Cape Coral,FL,33909,45000,,,,,14985,,,,,,,,https://www.redfin.com/FL/Cape-Coral/2611-NE-7th-Pl-33909/home/67869669,,,N,Y,26.700708,-81.957656
PAST SALE,December-8-2023,Vacant Land,2601 NE 7th Ave,Cape Coral,FL,33909,39000,,,CAPE CORAL,,10018,,,,,Sold,,,https://www.redfin.com/FL/Cape-Coral/2601-NE-7th-Ave-33909/home/67869874,FORTMLS,222068062,N,Y,26.700175,-81.958612
PAST SALE,August-10-2023,Vacant Land,227 NE 30th Ter,Cape Coral,FL,33909,39000,,,CAPE CORAL,,10018,,,,,Sold,,,https://www.redfin.com/FL/Cape-Coral/227-NE-30th-Ter-33909/home/67868848,FORTMLS,221087965,N,Y,26.7089939,-81.9679461
PAST SALE,September-13-2023,Vacant Land,217 NE 23rd Ter,Cape Coral,FL,33909,41000,,,CAPE CORAL,,10018,,,,,Sold,,,https://www.redfin.com/FL/Cape-Coral/217-NE-23rd-Ter-33909/home/67938991,FORTMLS,223043499,N,Y,26.695714,-81.968722
PAST SALE,October-25-2023,Vacant Land,124 Kismet Pkwy E,Cape Coral,FL,33909,43500,,,CAPE CORAL,,14984,,,,,Sold,,,https://www.redfin.com/FL/Cape-Coral/124-Kismet-Pkwy-E-33909/home/67938977,FORTMLS,223012967,N,Y,26.696047,-81.970373
PAST SALE,July-7-2023,Vacant Land,1421 Santa Barbara Blvd N,Cape Coral,FL,33993,30000,,,CAPE CORAL,,10018,,,,,Sold,,,https://www.redfin.com/FL/Cape-Coral/1421-Santa-Barbara-Blvd-N-33993/home/67707011,FORTMLS,223042912,N,Y,26.679708,-81.973803
PAST SALE,October-13-2023,Vacant Land,1317 NE 1st Ave,Cape Coral,FL,33909,35000,,,CAPE CORAL,,10019,,,,,Sold,,,https://www.redfin.com/FL/Cape-Coral/1317-NE-1st-Ave-33909/home/67707303,Stellar MLS as Distributed by MLS Grid,O6117440,N,Y,26.67783,-81.971873
PAST SALE,July-7-2023,Single Family Residential,123 NW 13th Ter,Cape Coral,FL,33993,369000,4,2.0,"CC41 - Cape Coral Unit 37-43,48,49",1828,10890,2023,,202,,Sold,,,https://www.redfin.com/FL/Cape-Coral/123-NW-13th-Ter-33993/home/67633206,NAPLESMLS,222083075,N,Y,26.6781711,-81.9776538
PAST SALE,,Vacant Land,210 NW 13th St,Cape Coral,FL,33993,55000,,,,,10019,,,,,,,,https://www.redfin.com/FL/Cape-Coral/210-NW-13th-St-33993/home/67714976,,,N,Y,26.676838,-81.978861
PAST SALE,,Vacant Land,122 NW 13th Ter,Cape Coral,FL,33993,45500,,,,,10019,,,,,,,,https://www.redfin.com/FL/Cape-Coral/122-NW-13th-Ter-33993/home/67714985,,,N,Y,26.677662,-81.977647
PAST SALE,December-28-2023,Vacant Land,211 NW 13th Ter,Cape Coral,FL,33993,49500,,,CAPE CORAL,,10018,,,,,Sold,,,https://www.redfin.com/FL/Cape-Coral/211-Nw-13th-Ter-33993/home/67714962,FORTMLS,223067961,N,Y,26.678172,-81.978875
PAST SALE,August-30-2023,Vacant Land,1634 NW 1st Ave,Cape Coral,FL,33993,30000,,,CAPE CORAL,,10624,,,,,Sold,,,https://www.redfin.com/FL/Cape-Coral/1634-NW-1st-Ave-33993/home/179853794,FORTMLS,223056732,N,Y,26.684318,-81.976419
PAST SALE,September-1-2023,Vacant Land,1626 NW 1st Pl,Cape Coral,FL,33993,27000,,,CAPE CORAL,,10624,,,,,Sold,,,https://www.redfin.com/FL/Cape-Coral/1626-NW-1st-Pl-33993/home/62000667,FORTMLS,222072293,N,Y,26.683852,-81.977371
PAST SALE,,Vacant Land,109 NE 27th Ter,Cape Coral,FL,33909,42000,,,,,10542,,,,,,,,https://www.redfin.com/FL/Cape-Coral/109-NE-27th-Ter-33909/home/62071221,,,N,Y,26.702765,-81.9713359
PAST SALE,December-14-2023,Vacant Land,2716 NE 2nd Ave,Cape Coral,FL,33909,39500,,,CAPE CORAL,,11194,,,,,Sold,,,https://www.redfin.com/FL/Cape-Coral/2716-NE-2nd-Ave-33909/home/67870371,FORTMLS,223078563,N,Y,26.702327,-81.970015
PAST SALE,,Vacant Land,313 NE 27th St,Cape Coral,FL,33909,45000,,,,,10019,,,,,,,,https://www.redfin.com/FL/Cape-Coral/313-NE-27th-St-33909/home/67625996,,,N,Y,26.701942,-81.967151
PAST SALE,September-18-2023,Vacant Land,538 NW 25th Ter,Cape Coral,FL,33993,58000,,,CAPE CORAL,,10497,,,,,Sold,,,https://www.redfin.com/FL/Cape-Coral/538-NW-25th-Ter-33993/home/61996861,FORTMLS,223049371,N,Y,26.699965,-81.985901
PAST SALE,September-14-2023,Vacant Land,513 NW 25th Ter,Cape Coral,FL,33993,46000,,,CAPE CORAL,,11848,,,,,Sold,,,https://www.redfin.com/FL/Cape-Coral/513-NW-25th-Ter-33993/home/62024592,FORTMLS,223061799,N,Y,26.700586,-81.985692
PAST SALE,,Other,3024 NE 1st Ave,Cape Coral,FL,33909,231241,,,,,10019,,,,,,,,https://www.redfin.com/FL/Cape-Coral/3024-NE-1st-Ave-33909/home/62087677,,,N,Y,26.7091424,-81.9720095
PAST SALE,July-25-2023,Vacant Land,3010 NE 1st Pl,Cape Coral,FL,33909,60000,,,"CC31 - Cape Coral Unit 17,31-36,",,10018,,,,,Sold,,,https://www.redfin.com/FL/Cape-Coral/3010-NE-1st-Ave-33909/home/85405873,BEARMLS,223036715,N,Y,26.7083785,-81.9720826
PAST SALE,December-8-2023,Vacant Land,3020 NE 1st Ave,Cape Coral,FL,33909,43000,,,"CC31 - Cape Coral Unit 17,31-36,",,10018,,,,,Sold,,,https://www.redfin.com/FL/Cape-Coral/3020-NE-1st-Ave-33909/home/67869237,BEARMLS,223081911,N,Y,26.708922,-81.972011
PAST SALE,November-13-2023,Single Family Residential,1617 NW 23rd Ter,Cape Coral,FL,33993,364999,4,2.0,"CC42 - Cape Coral Unit 50,54,51,52,53,",1828,10890,2023,,200,,Sold,,,https://www.redfin.com/FL/Cape-Coral/1617-NW-23rd-Ter-33993/home/67920244,NAPLESMLS,223021741,N,Y,26.6963459,-82.007816
PAST SALE,October-18-2023,Vacant Land,1312 NE Juanita Pl,Cape Coral,FL,33909,55000,,,CAPE CORAL,,14984,,,,,Sold,,,https://www.redfin.com/FL/Cape-Coral/1312-NE-Juanita-Pl-33909/home/67706986,FORTMLS,223054364,N,Y,26.677447,-81.973395
PAST SALE,November-9-2023,Vacant Land,121 NE 15th St,Cape Coral,FL,33909,40000,,,CAPE CORAL,,11674,,,,,Sold,,,https://www.redfin.com/FL/Cape-Coral/121-NE-15th-Ter-33909/home/62068054,Stellar MLS as Distributed by MLS Grid,O6142990,N,Y,26.680379,-81.970654
PAST SALE,July-28-2023,Vacant Land,1035 Kismet Pkwy W,Cape Coral,FL,33993,41500,,,CAPE CORAL,,10018,,,,,Sold,,,https://www.redfin.com/FL/Cape-Coral/1035-Kismet-Pkwy-W-33993/home/61995567,FORTMLS,223039287,N,Y,26.697264,-81.996635
PAST SALE,August-2-2023,Vacant Land,1416 NW 24th Ter,Cape Coral,FL,33993,55000,,,CAPE CORAL,,10018,,,,,Sold,,,https://www.redfin.com/FL/Cape-Coral/1416-Nw-24th-Ter-33993/home/67884733,FORTMLS,222035345,N,Y,26.697641,-82.004098
PAST SALE,July-20-2023,Vacant Land,227 NE 15th St,Cape Coral,FL,33909,44000,,,CAPE CORAL,,10018,,,,,Sold,,,https://www.redfin.com/FL/Cape-Coral/227-NE-15th-St-33909/home/67707394,FORTMLS,223045161,N,Y,26.680363,-81.968303
PAST SALE,September-25-2023,Vacant Land,3224 NW 2nd Pl,Cape Coral,FL,33993,40000,,,CAPE CORAL,,10541,,,,,Sold,,,https://www.redfin.com/FL/Cape-Coral/3224-NW-2nd-Pl-33993/home/67855628,FORTMLS,223046424,N,Y,26.713535,-81.978069
PAST SALE,September-29-2023,Vacant Land,3232 NW 1st Ave,Cape Coral,FL,33993,40900,,,CAPE CORAL,,11586,,,,,Sold,,,https://www.redfin.com/FL/Cape-Coral/3232-NW-1st-Ave-33993/home/62044660,FORTMLS,222034242,N,Y,26.714142,-81.977346
PAST SALE,October-17-2023,Vacant Land,68 Wilmington Pkwy,Cape Coral,FL,33993,43000,,,CAPE CORAL,,11107,,,,,Sold,,,https://www.redfin.com/FL/Cape-Coral/68-Wilmington-Pkwy-33993/home/62057155,FORTMLS,222068089,N,Y,26.715074,-81.977299
PAST SALE,December-22-2023,Vacant Land,62 NW 1st Way,Cape Coral,FL,33993,45000,,,CAPE CORAL,,10628,,,,,Sold,,,https://www.redfin.com/FL/Cape-Coral/62-NW-1st-Way-33993/home/67855069,FORTMLS,223084368,N,Y,26.713019,-81.9762614
